AA,,,AB,,,AC,,,AD,,,AE,,,AF,,,AG,,,AH,,,AI,,,AJ,,,AK,,,AL,,,AM,,,AN,,,AO,,,AP,,,AQ,,,AR,,,AS,,,AT,,,AU,,,AV,,,AW,,,AX,,,AY,,,AZ,,,Ash,,,Ach,,,Ath,,,Ast,,
Person,Verb or Adjective,Object,Person,Verb or Adjective,Object,Person,Verb or Adjective,Object,Person,Verb or Adjective,Object,Person,Verb or Adjective,Object,Person,Verb or Adjective,Object,Person,Verb or Adjective,Object,Person,Verb or Adjective,Object,Person,Verb or Adjective,Object,Person,Verb or Adjective,Object,Person,Verb or Adjective,Object,Person,Verb or Adjective,Object,Person,Verb or Adjective,Object,Person,Verb or Adjective,Object,Person,Verb or Adjective,Object,Person,Verb or Adjective,Object,Person,Verb or Adjective,Object,Person,Verb or Adjective,Object,Person,Verb or Adjective,Object,Person,Verb or Adjective,Object,Person,Verb or Adjective,Object,Person,Verb or Adjective,Object,Person,Verb or Adjective,Object,Person,Verb or Adjective,Object,Person,Verb or Adjective,Object,Person,Verb or Adjective,Object,Person,Verb or Adjective,Object,Person,Verb or Adjective,Object,Person,Verb or Adjective,Object,Person,Verb or Adjective,Object
Aaron nimzo,Aaah! (screaming),AA battery,ABBA,Absorb,Abacus,Aaron Carter,Accuse,Ace,Adele,Add,Ad,Aeon Flux,Aerate,After Effects,Anna Faris,Affix,Afro,Ariana Grande,Aging,Silver,Alien Hominid,Aah! (screaming),arrow head,A.I,Aim,A.I.,AJ,Adjust,Ajax,Anna Kendrick,Acknowledge,Ak-47,Abe Lincoln,Alert,Aluminium,Amy,Amuse,Ammo,Anna Faris,Annoy,Ant,Ashley Olson,Adopt,Aorta,Aaron Paul,Applaud,Apple,Aquaman,Acquire,Aquarium,Alan Rickman,Arrest,Arrow (weapon),Asad,Ascend,Acid,Anton,Attack,ATM,Auctioneer,Autopsy,Gold,Avicii,Avoid,Automated Vehicle,Amy Winehouse,Awaken,A&W,Alex,Axe,Axe,Jay,Pay,Hay,Aziz Ansari,Azure,Azimuth,Ash,Ashy,Ash,Archer,Achoo,Arch,Athlete,Math(ing?),Athlete,Astronaut,Cast,Asteroid
Aang,Aerial Ace (Pokemon),Avro Arrow,Abby,Abuse,Abs,ACDC,Accelerate,Air Conditioning,Andy,Address,Adder,Aerodactyl,Aerial Ace (Pokemon),Aerosol,Aflac,Affiliate,African,Agravaine,Agony,Alligator,Ampharos,Aha!,Albert Hein (Major Dutch Supermarket),Aye aye,Aid,Air,Angelina Jolie,Ajar,Agent,Akbar,AK-47 (shoot with),Alaska,Albert,Alight,Algae,Captain America,Amputate,Amp,Annie,Anticipate,Anchor,Aokiji,Adults Only,Aolong,Antonie Paterakis,Apologize,Application,Archer queen,,Aqueduct,Green Arrow,Arrange,Arrow (⬅),Asaf,Ask,Asbestos,Anthony,Altitude,Athlete,Australian,Auteur,Australia,Avatar,Avenge,Audio Visual,Alan Walker,Award,Awl,Axel,Affix,Axel,Kevin Hays,Gay,,Aztec,,Aztec,Ashley,,Ashtray,,Aching,,Athena,,Athanor,Asterix,,Astronaut
,,Aardvark,Anthony Brooks,Abseil,Abyss,Flying Ace,Ace,Air Craft,Adam,Adapt,Adult*,The Fonz,Aeroblast,Aerial,African,Amplify,Aftershave,Agnes,Aggregate,Agent,Aneurin Hunt,,Air Horn,AiAi,,Anime,Agent,Age,Apple Jacks,Akira,Ask,Akine,Alakazam,Alienate,Alien,Ambrose,A.M (Morning),Ambulance,Anne,Ancient,Android,Steve Aoki,Allocate,Agent Orange,Aipom,Apply,Ape,,,Aqua,Arlong,Arrr,Arm,Asimov,Asphyxiate,Ash,AT AT,Arm thrust,Atlas,Ad Visser,Auction,Analog (car stick),Avril,Average,Avocado,Abomasnow,Awkward,Award,Axew,,Axolotl,Ray,Aye!,,Azlan,,Arizona,Aschenbrenner,,,,,,Athos,,Math,Astrid,,Cast
,,,Abra,Abolish,Air Bag,Alice Cooper,Access,Apple Cider,Armaldo,Admit,Adipose,Albert Einstein,Anneal,Aeropostale,Anna Friel,As Fuck,Artifact,Agatha,Aggravate,Agriculture (wheat fields),Adolf Hitler,,Air Hockey,ai,,Anemone,Adjunct,Agitate,Adjutant,Anakin (Skywalker),Awake,Acne,Weird Al Yankovic,Align,Almonds,Amon,American,Amber,Ant,Annihilate,Antidote,Will Tao,Anorexic,Atom,Ape,Application,Apron,,,,Ahri,Archive,Arcade,Aspen,Assasinate,Aspirin,Attenborough,Atomize,Atom,Austin,Auto-graph,,Avengers,Avalanche,Avatar,Adam West,Aww,Awana,,,,,Ayyyyy,,Azzy,,,,,,,,,,,,,,Mast
,,,Abe (Lincoln),Abduct,Atom Bomb,Achilles,,Acorn,Adnan,Addicted (to),Advil,Vaedele Egdal,Ameliorate,American Eagle,Anne Frank,Auto Focus,Aflac,Agathon,Agree,Aglet,Athos,,,Allen Iverson,,Aikido,AJR,Adjudicate,Adjunct,Arkham Knight,Accelerate,Acrobat,Alice,Alarm,Alter,,Aim,Amulet,Anne Hathaway,Analyze,Antique,Ao,Annotate,Australian Open,Apu,Apprehend,Advanced Placement (Class),,,,Arr (Pirate),Argue,Armour,Aspen,Assess,Ass,Atkinson,Attest,@,Anubis,Augment,,Asajj Ventress,Advertize,AV Cables,Alice (in Wonderland),Awesome,Awning,,,,,,,Azula,,,,,,,,,,,,,,
,,,All Blacks,Abdicate,Absinth,Antoine Cantin,,Acid,(Black)adder,Administer,Advertisement,,Aesthetic,Annex,Affleck,,Africa,Al Gore,Silver,,Aha,,,,,,AJ Shabeel,,Apple Juice,Akira,Accessorize,Ax,Allison,Alchemize,Albatross,,Amaze,America (the US),Antoine,Anchor,Anchovies,Annoying Orange,(doing an) Ao5,,Appa,Aprove,Apricot,,,,,Arouse,Arkansas,Assad,Assist,Ass,Atwood,Attire,Atari,,Australian,,,,Anvil,Alan Watts,,,,,,,,,,,,,,,,,,,,,,,
,,,Alec Baldwin,Abnormal,Alphabet,,,,American Dragon,Admire,Add(ition),,,Ape,ALF,,,Aang,,,,,,,,,,,,Ash Ketchum,Accolade,Arrakis,Alex,Alleyoop,Album,,Ambush,America (continents),Anakin,Animate,Antenna,,,,Agent P,,Ap class,,,,,,Armadillo,Assaf,,,,Attract,,,Gold,,,,Avenue,,,,,,,,,,,,,,,,,,,,,,,,
,,,Angry Bird,,AA Battery,,,,Anthony Davis,Admonish,,,,,,,,Ali G,,,,,,,,,,,,Aku,Accuse,,Alan,,Alfredo,,Amplify,AM-GM inequality,Antonie,,Antler,,,,,,AirPods,,,,,,AR-15,Astronaut,,,,Attaboy,,,Automatic,,,,,,,,,,,,,,,,,,,,,,,,,,,,
,,,Abbot,,,,,,,Adopt,,,,,,,,,,,,,,,,,,,,,Act,,Al,,Alligator,,,,Andy,,Anvil,,,,,,A Perm,,,,,,,Asa ,,,,,,,,,,,,,,,,,,,,,,,,,,,,,,,,,,,
,,,Abed,,,,,,,Advertize,,,,,,,,,,,,,,,,,,,,,Activate,,Albus,,Ale,,,,Anand,,Antelope,,,,,,,,,,,,,Asami Sato,,,,,,,,,,,,,,,,,,,,,,,,,,,,,,,,,,,
,,,Alec Benjamin,,,,,,,,,,,,,,,,,,,,,,,,,,,,Acupuncture,,Aladdin,,,,,,Andrew,,,,,,,,,,,,,,,,,,,,,,,,,,,,,,,,,,,,,,,,,,,,,,,,,,
,,,Alton Brown,,,,,,,,,,,,,,,,,,,,,,,,,,,,,,,,,,,,Anson,,,,,,,,,,,,,,,,,,,,,,,,,,,,,,,,,,,,,,,,,,,,,,,,,,
,,,,,,,,,,,,,,,,,,,,,,,,,,,,,,,,,,,,,,,Angel,,,,,,,,,,,,,,,,,,,,,,,,,,,,,,,,,,,,,,,,,,,,,,,,,,
,,,,,,,,,,,,,,,,,,,,,,,,,,,,,,,,,,,,,,,Angel,,,,,,,,,,,,,,,,,,,,,,,,,,,,,,,,,,,,,,,,,,,,,,,,,,